,known,profiles,retrofit,BOW
0,3000,0.2852447486379527,0.28511143070091644,0.279509977850327
