,known,profiles,retrofit,BOW
0,10000,0.31291623706960037,0.3068274775948607,0.30148196825324886
