,known,profiles,retrofit,BOW
0,5000,0.2974952016384126,0.29384523005329133,0.2870052862396929
