,known,profiles,retrofit,BOW
0,3000,0.28533292743095284,0.29020165650161134,0.27908063110821846
