,known,profiles,retrofit,BOW
0,1000,0.6202198208942947,0.6242193685033055,0.6225794511674774
