,known,profiles,retrofit,BOW
0,10000,0.3128969760143211,0.302639897576506,0.30076364419165874
