,known,profiles,retrofit,BOW
0,9000,0.6796125967667851,0.6778178599836435,0.6787869282217317
