,known,profiles,retrofit,BOW
0,2000,0.6433789385109234,0.6423878829432481,0.6447948805850761
