,known,profiles,retrofit,BOW
0,7000,0.306276503654354,0.3038373456350468,0.2945694217683347
