,known,profiles,retrofit,BOW
0,10000,0.6812057420604797,0.6790904249895197,0.6813224413954069
