,known,profiles,retrofit,BOW
0,2000,0.27630296797249143,0.2771340418237916,0.268594758001683
