,known,profiles,retrofit,BOW
0,7000,0.3060409156156518,0.29923296917631853,0.2968672269644207
