,known,profiles,retrofit,BOW
0,9000,0.31180246692284425,0.30244339633210476,0.30068562978232377
