,known,profiles,retrofit,BOW
0,1000,0.2618716649016564,0.27369346397836747,0.2623034926640688
