,known,profiles,retrofit,BOW
0,5000,0.29767641350618157,0.2960090498707927,0.2864133989556191
