,known,profiles,retrofit,BOW
0,5000,0.6706597613150191,0.6721705750528087,0.6698223265888207
