,known,profiles,retrofit,BOW
0,4000,0.6651488950891673,0.6688588069296952,0.6647012019817315
