,known,profiles,retrofit,BOW
0,2000,0.27543137927094047,0.28600887171336264,0.2743104684139994
