,known,profiles,retrofit,BOW
0,10000,0.6800330836949502,0.6785046623083808,0.680664166506158
