,known,profiles,retrofit,BOW
0,4000,0.29396144747032177,0.29309576601139387,0.2835562958169338
