,known,profiles,retrofit,BOW
0,8000,0.3088875594110413,0.30624079059616005,0.2976844927488062
