,known,profiles,retrofit,BOW
0,8000,0.6778752728199333,0.67600735644409,0.6776514773822582
