,known,profiles,retrofit,BOW
0,7000,0.6759250939612759,0.6740776454345229,0.6755207591413638
