,known,profiles,retrofit,BOW
0,4000,0.2920454907119593,0.292959972841366,0.28385546514465154
