,known,profiles,retrofit,BOW
0,7000,0.6765463889284579,0.6762099911243575,0.6759404345777494
