,known,profiles,retrofit,BOW
0,4000,0.6659721411824615,0.6635512035730577,0.6630239441550587
