,known,profiles,retrofit,BOW
0,5000,0.6701418599414546,0.6677936114774664,0.6698244711079658
