,known,profiles,retrofit,BOW
0,3000,0.6579870041255078,0.6560134787583586,0.6561415479577162
