,known,profiles,retrofit,BOW
0,4000,0.6660973255110807,0.6631427631788332,0.6642535088742958
