,known,profiles,retrofit,BOW
0,5000,0.6706265212682687,0.667091281457415,0.6688476426373297
