,known,profiles,retrofit,BOW
0,2000,0.6442702652164428,0.6456789353943965,0.641823791566678
