,known,profiles,retrofit,BOW
0,1000,0.6169297046092473,0.6274642456894335,0.6214947409547508
