,known,profiles,retrofit,BOW
0,9000,0.6787712438803061,0.6746697885974839,0.6797011012648301
