,known,profiles,retrofit,BOW
0,6000,0.30503354613542016,0.30116083719014536,0.2922545821094504
