,known,profiles,retrofit,BOW
0,2000,0.2794080676494115,0.2835894079637652,0.27244262993320245
