,known,profiles,retrofit,BOW
0,5000,0.3013124457168591,0.2982575781945293,0.2895583362820472
