,known,profiles,retrofit,BOW
0,8000,0.3111133269075238,0.3063803857701555,0.29741638138287857
