,known,profiles,retrofit,BOW
0,20000,0.3282107307598932,0.3241244042371041,0.31028098286502853
