,known,profiles,retrofit,BOW
0,5000,0.30815131727088485,0.3072570527873387,0.2883123706586891
