,known,profiles,retrofit,BOW
0,2000,0.28986193785645276,0.296089797529633,0.27237614402509835
