,known,profiles,retrofit,BOW
0,10000,0.3189268193199714,0.3151029333454187,0.3011771903785364
