,known,profiles,retrofit,BOW
0,7000,0.3129661081951765,0.31083047523038315,0.2946274969592707
