,known,profiles,retrofit,BOW
0,9000,0.31796753341324885,0.31534936870525765,0.3001624449647663
