,known,profiles,retrofit,BOW
0,6000,0.6810385753460293,0.6804977184292387,0.6724184650068825
