,known,profiles,retrofit,BOW
0,4000,0.6742937163832338,0.6761757248490893,0.6653494021917867
