,known,profiles,retrofit,BOW
0,8000,0.684476130333145,0.6829128859640377,0.6754578389337588
