,known,profiles,retrofit,BOW
0,2000,0.6591205160968616,0.6670614267460342,0.6438869324025307
