,known,profiles,retrofit,BOW
0,7000,0.6815134613909557,0.680510842528572,0.673032291997677
