,known,profiles,retrofit,BOW
0,2000,0.27576453600108036,0.278520480776223,0.27256895315860014
