,known,profiles,retrofit,BOW
0,6000,0.6736762012117796,0.6742371099381103,0.6726929038271858
