,known,profiles,retrofit,BOW
0,10000,0.31327970451275183,0.3171353145783529,0.3013904215905099
