,known,profiles,retrofit,BOW
0,8000,0.30896333964835304,0.31398954144093244,0.29764970474512803
