,known,profiles,retrofit,BOW
0,6000,0.3026784882019488,0.32016225707503715,0.2919514204268326
