,known,profiles,retrofit,BOW
0,6000,0.3028403117243472,0.31567076012616374,0.2915301156501664
