,known,profiles,retrofit,BOW
0,1000,0.26114321259292006,0.2687136673486804,0.26092801842465113
