,known,profiles,retrofit,BOW
0,4000,0.2927905496440733,0.29445677427568134,0.284218499697648
