,known,profiles,retrofit,BOW
0,3000,0.6585745478212488,0.6605720074322124,0.6565402420717815
