,known,profiles,retrofit,BOW
0,1000,0.26165595665271796,0.2650141372184123,0.260317496221507
