,known,profiles,retrofit,BOW
0,4000,0.29295604757004484,0.30938330804892794,0.2839192242815163
