,known,profiles,retrofit,BOW
0,2000,0.6447561317667592,0.6541763538712457,0.6439211103146651
