,known,profiles,retrofit,BOW
0,4000,0.6654733134594372,0.6658681745366591,0.6645137437540447
