,known,profiles,retrofit,BOW
0,7000,0.6759882096404813,0.6789030363463034,0.674838868739111
