,known,profiles,retrofit,BOW
0,9000,0.6796234637747729,0.6816924524708442,0.6797900538869159
