,known,profiles,retrofit,BOW
0,4000,0.29271151377558063,0.3025713709805752,0.28459033958901336
