,known,profiles,retrofit,BOW
0,9000,0.31128880474115234,0.31303716068607795,0.2993740827461042
