,known,profiles,retrofit,BOW
0,10000,0.31315496085473765,0.31371409795946115,0.3012767813643626
