,known,profiles,retrofit,BOW
0,6000,0.3025815891871972,0.30368227094872147,0.2918156100627568
