,known,profiles,retrofit,BOW
0,5000,0.6702094122945285,0.6747560073342556,0.6685206034676875
