,known,profiles,retrofit,BOW
0,2000,0.6455565597697926,0.6539999584463074,0.645229532209306
