,known,profiles,retrofit,BOW
0,2000,0.2754116412669721,0.29350037917744465,0.2723276300890289
