,known,profiles,retrofit,BOW
0,9000,0.31136789863434194,0.3258334547002611,0.29974232867657774
