,known,profiles,retrofit,BOW
0,8000,0.6781749592847409,0.6792616966353134,0.6773037081352966
