,known,profiles,retrofit,BOW
0,10000,0.3132546651408891,0.3147109142203238,0.301171751962928
