,known,profiles,retrofit,BOW
0,1000,0.6185836049392873,0.6256932377828729,0.6235243314380893
