,known,profiles,retrofit,BOW
0,1000,0.6200487348474722,0.6235479791488882,0.6241881123985977
