,known,profiles,retrofit,BOW
0,7000,0.676221606162545,0.6775921806686318,0.6754832842068352
