,known,profiles,retrofit,BOW
0,4000,0.6654777691728286,0.6679064512364605,0.6633572739521115
