,known,profiles,retrofit,BOW
0,7000,0.3063651505024052,0.3086800495282761,0.29478375209563773
