,known,profiles,retrofit,BOW
0,2000,0.6450306977903825,0.6482276311278712,0.6450004674790415
