,known,profiles,retrofit,BOW
0,8000,0.3091192209259814,0.3098676061643456,0.2975461162628379
