,known,profiles,retrofit,BOW
0,1000,0.26082468821007393,0.27163796382928396,0.25889380121528666
