,known,profiles,retrofit,BOW
0,10000,0.6809091218091794,0.6811225796218037,0.6807314668993102
