,known,profiles,retrofit,BOW
0,1000,0.2610452288173061,0.2669374158192905,0.2603639691140334
