,known,profiles,retrofit,BOW
0,8000,0.3085735810593722,0.3191033779816311,0.2977329079004222
