,known,profiles,retrofit,BOW
0,2000,0.6445069134956004,0.6484303092633568,0.6452110408161144
