,known,profiles,retrofit,BOW
0,6000,0.673812445128494,0.6739950791775509,0.6723472539859745
