,known,profiles,retrofit,BOW
0,9000,0.3113031447104559,0.3119516922284089,0.29968575301643485
