,known,profiles,retrofit,BOW
0,4000,0.2932692205684218,0.2976199064300187,0.28385620776355003
