,known,profiles,retrofit,BOW
0,1000,0.2609558815969402,0.272509433380286,0.26000915063591773
