,known,profiles,retrofit,BOW
0,2000,0.6447176946011368,0.646074942084541,0.6448821433394621
