,known,profiles,retrofit,BOW
0,10000,0.3132760789023465,0.32718607312402975,0.3013644758160455
