,known,profiles,retrofit,BOW
0,2000,0.27576921079149397,0.2826475935217794,0.27326082213980746
