,known,profiles,retrofit,BOW
0,5000,0.67031578044413,0.6711269448107997,0.6686283655547333
