,known,profiles,retrofit,BOW
0,7000,0.30589912448910267,0.3227124401442019,0.29472184175058336
