,known,profiles,retrofit,BOW
0,8000,0.3090322509167859,0.3242744928595962,0.29735677645937886
