,known,profiles,retrofit,BOW
0,9000,0.6800292400936582,0.6802776128432348,0.6796856409854248
