,known,profiles,retrofit,BOW
0,10000,0.6809879788354993,0.6810302398567888,0.681213786383567
