,known,profiles,retrofit,BOW
0,4000,0.2955548954498679,0.2935286067408579,0.2843031582520873
