,known,profiles,retrofit,BOW
0,3000,0.2882785190161766,0.2892778786701798,0.27995402105793554
