,known,profiles,retrofit,BOW
0,9000,0.31292389733478226,0.3074455809368033,0.29969079441189317
