,known,profiles,retrofit,BOW
0,7000,0.3069734059455846,0.30261338359211487,0.29406098990806584
