,known,profiles,retrofit,BOW
0,1000,0.26344886439580095,0.2712032572151222,0.25855276009911476
