,known,profiles,retrofit,BOW
0,10000,0.313963132074189,0.3083083128448579,0.3006605408957524
