,known,profiles,retrofit,BOW
0,8000,0.3089928097406411,0.3034499950144581,0.2973299653227862
