,known,profiles,retrofit,BOW
0,2000,0.2769283510455948,0.2804375603827095,0.2746283541621217
