,known,profiles,retrofit,BOW
0,6000,0.3033903816347102,0.2991654111704837,0.2913137728834502
