,known,profiles,retrofit,BOW
0,1000,0.2619559741314607,0.2697854227285345,0.2566743093326204
