,known,profiles,retrofit,BOW
0,4000,0.29322413299243594,0.29138986431291836,0.2833483625253286
