,known,profiles,retrofit,BOW
0,7000,0.306811233714292,0.3016140520046898,0.29467899760028926
