,known,profiles,retrofit,BOW
0,9000,0.3113420194709896,0.3059051545467785,0.3002957618668848
