,known,profiles,retrofit,BOW
0,3000,0.6582473415143658,0.6646990898688865,0.6563672436778955
