,known,profiles,retrofit,BOW
0,1000,0.6218422594873588,0.6361295894551773,0.6257009489929161
