,known,profiles,retrofit,BOW
0,6000,0.673944570295141,0.6744561624088183,0.6722883992152696
