,known,profiles,retrofit,BOW
0,8000,0.6781976711979703,0.6773833660163304,0.677548442849071
