,known,profiles,retrofit,BOW
0,10000,0.31354392087105293,0.31092781636283295,0.30102196893305083
