,known,profiles,retrofit,BOW
0,1000,0.2639567760973052,0.26762319943245494,0.26353420178694437
