,known,profiles,retrofit,BOW
0,9000,0.6795554609515913,0.6775937979632763,0.6795397766101656
