,known,profiles,retrofit,BOW
0,6000,0.3033806267003393,0.3012573026522583,0.29165844723122447
