,known,profiles,retrofit,BOW
0,6000,0.6743542775387216,0.6720965521726407,0.6723490965846892
