,known,profiles,retrofit,BOW
0,9000,0.31125463528304637,0.30873281724381313,0.29903093176191164
