,known,profiles,retrofit,BOW
0,8000,0.30970186459268123,0.3017659897408626,0.29835809485824444
