,known,profiles,retrofit,BOW
0,3000,0.28458970617566476,0.28421074731527074,0.2789525619088609
