,known,profiles,retrofit,BOW
0,5000,0.2987636847127952,0.29667063402708527,0.28863940982833125
