,known,profiles,retrofit,BOW
0,2000,0.6439523794683205,0.6548425634472943,0.6450764068522039
