,known,profiles,retrofit,BOW
0,6000,0.30291238985053276,0.2983644226704675,0.29193375315680514
