,known,profiles,retrofit,BOW
0,10000,0.6814085496425375,0.6767485072682158,0.6813201753889034
