,known,profiles,retrofit,BOW
0,7000,0.6754856948751383,0.6708944675162446,0.6746748337186751
