,known,profiles,retrofit,BOW
0,6000,0.6738665308201732,0.6696318054215757,0.6732313762044634
