,known,profiles,retrofit,BOW
0,3000,0.6589811150418324,0.6572962702470057,0.6540336549059951
