,known,profiles,retrofit,BOW
0,8000,0.6783793665038057,0.6747410287942743,0.6779517177961688
