,known,profiles,retrofit,BOW
0,6000,0.30262982191825355,0.30943952482630804,0.2914832919651857
