,known,profiles,retrofit,BOW
0,10000,0.6808256194695281,0.6826264148378105,0.6811745844710573
