,known,profiles,retrofit,BOW
0,8000,0.6781496992056373,0.6782536200573891,0.6773021570778076
