,known,profiles,retrofit,BOW
0,3000,0.6573737416151417,0.6625682073461334,0.6566802783930464
