,known,profiles,retrofit,BOW
0,7000,0.6763487141276119,0.6767847163629591,0.6746914892451322
