,known,profiles,retrofit,BOW
0,5000,0.2986686825146631,0.3021117080022731,0.2881090702437245
