,known,profiles,retrofit,BOW
0,2000,0.2752701509437883,0.29420170162371057,0.2726018844599578
