,known,profiles,retrofit,BOW
0,7000,0.6763002816098882,0.6778721469192753,0.6755131984089592
