,known,profiles,retrofit,BOW
0,3000,0.28609934810678034,0.30587333746234036,0.28027041496520094
