,known,profiles,retrofit,BOW
0,6000,0.6735807112431037,0.6753527492656702,0.6723654631968005
