,known,profiles,retrofit,BOW
0,7000,0.3062393574473213,0.307117169437109,0.29514721513023096
