,known,profiles,retrofit,BOW
0,6000,0.30270742784058263,0.3055452466372574,0.2919920659867116
