,known,profiles,retrofit,BOW
0,3000,0.6583129507353485,0.6589612748134074,0.6567465174625504
