,known,profiles,retrofit,BOW
0,9000,0.6792962211940266,0.680569677686784,0.6796398203022598
