,known,profiles,retrofit,BOW
0,3000,0.28539055857066375,0.296959616212301,0.2800645594734467
