,known,profiles,retrofit,BOW
0,2000,0.27505033191011935,0.2888099022449382,0.273052430371594
