,known,profiles,retrofit,BOW
0,8000,0.678286524634117,0.6805753315385382,0.6775413523005506
