,known,profiles,retrofit,BOW
0,5000,0.2978803572768896,0.3059972550154942,0.2878150566689184
