,known,profiles,retrofit,BOW
0,5000,0.2982825618425709,0.2996456182112567,0.2881308371130482
