,known,profiles,retrofit,BOW
0,4000,0.2925518507123837,0.31248162018225994,0.28370503177348005
