,known,profiles,retrofit,BOW
0,9000,0.3111836076225899,0.3204373690637569,0.29970793515645133
