,known,profiles,retrofit,BOW
0,7000,0.6762708057110924,0.676397913676159,0.6749152430939831
