,known,profiles,retrofit,BOW
0,7000,0.30579053483963586,0.3174073262401245,0.2950230657126264
