,known,profiles,retrofit,BOW
0,1000,0.617879417238153,0.6293634653149771,0.6229415695911003
