,known,profiles,retrofit,BOW
0,3000,0.6579593957653184,0.6650716452693127,0.6565156779794461
