,known,profiles,retrofit,BOW
0,5000,0.2984029765925736,0.3170269458830594,0.2878940821994189
