,known,profiles,retrofit,BOW
0,3000,0.6578264977272962,0.6608072558549668,0.6568468733269651
