,known,profiles,retrofit,BOW
0,3000,0.28602334638519444,0.3038879499480376,0.28015872182740065
