,known,profiles,retrofit,BOW
0,5000,0.29842077610147866,0.3128764435294496,0.28807314954804253
