,known,profiles,retrofit,BOW
0,5000,0.6704290110549962,0.6728052454938289,0.6687318386034891
