,known,profiles,retrofit,BOW
0,3000,0.2855944195421001,0.29098907212815306,0.2795466140393236
