,known,profiles,retrofit,BOW
0,8000,0.6779006436888576,0.6791781611105576,0.6777265928806459
