,known,profiles,retrofit,BOW
0,1000,0.6176937313003157,0.6259239571873618,0.6236749570742639
