,known,profiles,retrofit,BOW
0,7000,0.3060447507697702,0.3117386397256221,0.2949439519619553
