,known,profiles,retrofit,BOW
0,10000,0.6808862351434946,0.6819728985622191,0.6811944120279624
