,known,profiles,retrofit,BOW
0,10000,0.3130909461710155,0.32180158847055884,0.3015178844563285
