,known,profiles,retrofit,BOW
0,10000,0.6806907920825728,0.6814417466378129,0.6808567770589502
