,known,profiles,retrofit,BOW
0,4000,0.6656084700989804,0.6689725337095936,0.6637971165169053
