,known,profiles,retrofit,BOW
0,4000,0.6656589681840847,0.6668707100497557,0.6626419197759413
