,known,profiles,retrofit,BOW
0,6000,0.6739672234205135,0.6757383943378025,0.6723376074397633
