,known,profiles,retrofit,BOW
0,9000,0.6796004974176851,0.6797028937609931,0.6792512967589428
