,known,profiles,retrofit,BOW
0,6000,0.6738333640433121,0.6772135571910124,0.6723854066181814
