,known,profiles,retrofit,BOW
0,9000,0.31123402157717256,0.31560188660221145,0.29958167620797443
