,known,profiles,retrofit,BOW
0,8000,0.6781423870774753,0.67850300794363,0.6779711060147794
