,known,profiles,retrofit,BOW
0,4000,0.6649609064194099,0.6705120887747847,0.6640040950127838
