,known,profiles,retrofit,BOW
0,9000,0.6793981694132937,0.6802832143937444,0.6796841845822924
