,known,profiles,retrofit,BOW
0,5000,0.670291011248003,0.670551248646272,0.6686973118452513
