,known,profiles,retrofit,BOW
0,1000,0.6182391708906962,0.6160448689608374,0.6233648636143984
