,known,profiles,retrofit,BOW
0,8000,0.30898693788014764,0.3109900178371611,0.29755232049279323
