,known,profiles,retrofit,BOW
0,5000,0.670573444419425,0.6725900429976087,0.6688332743590568
