,known,profiles,retrofit,BOW
0,3000,0.28604801545228364,0.2882513305550016,0.28025361900462953
