,known,profiles,retrofit,BOW
0,3000,0.29736618343288435,0.3001921037990364,0.27954881850914853
