,known,profiles,retrofit,BOW
0,4000,0.30440797360520255,0.30508375680291955,0.2845439789520587
