,known,profiles,retrofit,BOW
0,8000,0.3163392827467012,0.3136337953268854,0.29825395242685104
