,known,profiles,retrofit,BOW
0,1000,0.2821346685721923,0.2884013119338687,0.25696733531425753
