,known,profiles,retrofit,BOW
0,6000,0.31075427320319526,0.30979070246366286,0.2907642449138857
