,known,profiles,retrofit,BOW
0,10000,0.6868820883515936,0.6846523379522099,0.6809655453711152
