,known,profiles,retrofit,BOW
0,5000,0.6773034816268323,0.6776712666602331,0.6680606041110433
