,known,profiles,retrofit,BOW
0,3000,0.667753855197825,0.6722604213686608,0.6550172683469626
