,known,profiles,retrofit,BOW
0,1000,0.6455167024809534,0.6553603191412797,0.6213960374661991
