,known,profiles,retrofit,BOW
0,9000,0.6855222325539709,0.6830116176157561,0.678751078298473
